CCR_BUSDP,(CCR) Bus Depot,38.010752,-122.02745
CCR_DWNTN,(CCR) Downtown Concord,37.977258,-122.033844
CCR_MALRD,(CCR) Mallard Reservoir,38.01764,-122.041035
CCR_MORLO,(CCR) Morello Overpass,37.992171,-122.100918
CCR_Y,(CCR) The Y (Hwy 242/680),37.953974,-122.054465
HWD_CHABOT,(HWD) Chabot College,37.643065,-122.107533
HWD_GOLF,(HWD) Skywest Golf Course,37.663026,-122.133245
OAK_MARINA,(OAK) San Leandro Marina,37.69723,-122.19133
OAK_RWY30,(OAK) RWY 30 Numbers,37.7021329,-122.2152333
OAK_TOLLP,(OAK) Bay Bridge Toll Plaza,37.824555,-122.313745
PAO_AMPHI,(PAO) Shoreline Amphitheater,37.426669,-122.080679
PAO_BIRDH,(PAO) Bird House,37.459629,-122.106365
PAO_DUCKP,(PAO) Duck Pond,37.457209,-122.108852
SFO_MILLB,(SFO) Millbrae BART Station,37.600369,-122.386807
SJC_LEVIS,(SJC) Levi's Stadium,37.403182,-121.969794
SQL_DMDWW,(SQL) Diamond-Shaped Waterway,37.5270345,-122.2588634
SQL_HILLSD,(SQL) Hillsdale Shopping Center,37.537028,-122.300226
SQL_KAISER,(SQL) Kaiser Building,37.48895,-122.2242
SQL_KNBR,(SQL) KNBR Radio Tower,37.547083,-122.233856
SQL_ORACLE,(SQL) Oracle HQ,37.530676,-122.262454
SQL_PACBELL,(SQL) AT&T Tower,37.48057,-122.20033
SQL_SUNKN,(SQL) Sunken Ship,37.553105,-122.157723
SQL_WOODSIDE,(SQL) Woodside Road,37.48894,-122.21285
